,TESTO,DOPPIE,INV. OMIS. INS. LETT/SILL,FUS./SEP ILL.,SCAMBIO OMOF.,H,ACCENTI
0, La statua nel parco C'era una volta una statua di pietra che sorrideva. Aveva in mano un mappamondo di pietra. Una notte dei ragazzi spinsero il mappamondo sul prato e lo lasciarono lì. Ben presto la statua divenne triste. A primavera delle rondini fecero il nido sulla mano. Arrivò l'autunno e le rondini prima di andar via lasciarono della terra sulla sua mano. Nella primavera seguente tornarono le rondini e spuntarono dei fiori. La statua ricominciò a sorridere.,0,0,0,0,0,0
1, La statua nel parco C'era una volta una statua di un geografo con in mano un mappamondo di pietra. Una notte un gruppo di ragazzetti decise di rubare il mappamondo di pietra ma era troppo pesante e lo lasciarono lì per terra. Il giorno dopo delle rondini fecero il nido tra le mani del geografo e presto nacquero due rondinini. In autunno le rondini prima di partire misero altra terra e altri semi nelle mani del geografo. Il geografo diventò felice e aspettava con ansia le rondini.,0,0,0,0,0,0
2," La statua nel parco In un parco c'era una statua di un geografo che era fatta di pietra. Teneva in mano un mappamondo anche quello fatto di pietra. Una notte dei ragazzi buttarono giù il mappamondo e, pian piano, il sorriso del geografo si trasformò in tristezza. In estate le rondini fecero il nido sulla mano del geografo e quando nacquero i piccoli il geografo fu di nuovo felice. In autunno le rondini se ne andarono ma lasciarono un po' di terra sulla mano del geografo e in primavera sulla mano nacquero dei fiori.",0,0,0,0,0,0
3," La statua nel parco C'era una volta una statua che in mano possedeva un mappamondo di pietra. Un mappamondo fatto di pietra molto pesante. Un giorno dei ragazzi lo vollero rubare e i ragazzi fecero di tutto per rubarlo; lo presero, lo fecero scivolare per terra però da quanto era pesante lo fecero cascare nel giardino e lo la lasciarono lì e ormai il sorriso della statua era solo tristezza. Da quel giorno in quel giardino nacquero tanti fiori colorati.",0,0,0,0,0,0
4," La statua nel parco C'era una volta in un parco una statua di un geografo che teneva in mano un mappamondo e lui era molto felice. Una notte dei ragazzi pensarono di buttare giù il mappamondo, così fecero, ma non riuscirono a portarlo via perché era molto pesante, così il sorriso del geografo diventò tristezza. Quando arrivò la primavera delle rondini costruirono il nido sulla mano del geografo. Quando  riarrivò  l'autunno le rondini prima di lasciare la statua portarono della terra con dei semi, così ritornata la primavera nacquero delle bellissime piante. Quindi il geografo ritornò a sorridere.",0,0,0,0,0,0
5,  Cera  una volta un geografo di pietra con in mano un mappamondo di pietra. Una notte dei  raggazzi  decisero di rubare il mappamondo tirarono  spingerono  scrollarono ad un certo punto il mappamondo rotolò  giu  i ragazzi  pero  lo lasciarono lì  perche  era troppo pesante e il sorriso della statua si  trasforma  piano piano in tristezza.  Uno  giorno delle rondini portarono pagliuzza erba e terra dove nacquero dei rondinini. Un giorno però le rondini  sene  andarono ma portarono altra terra dove misero dei semi la statua fu triste tutto l'inverno ma a primavera  li  nacque un bellissimo cespuglio di fiori,1,72,1,12,0,0
6," La statua nel parco Nel parco c'era una statua di un geografo con in mano un mappamondo ed erano fatti  entrampi  di pietra; ma una notte un gruppo di ragazzi decise di rubare il mappamondo: spinsero, tirarono...ma niente non riuscirono a trasportarlo e quindi lo lasciarono nel prato. Allora il geografo  era  triste ma poi delle rondini costruirono il nido e nacquero dei rondinini. Dopo un po' di tempo le rondini dovettero partire e allora seminarono dei semi e dopo un po' crebbe un cespuglio di fiori",0,2,0,1,0,0
7," La statua nel parco C'era una volta una statua di un geografo. La statua teneva in mano un mappamondo di pietra. Una notte dei ragazzi spinsero il mappamondo dalle mani della statua  facendola  cadere a terra, ma non la portarono via perché era troppo pesante. Il giorno dopo la statua divenne triste ma presto arrivò la primavera e le rondini fecero un nido, deposero le uova e ben presto i rondinini nacquero. La statua diventò felice ma quando arrivò l'autunno le rondini partirono verso i paesi caldi ma lasciarono la terra con dei semi, ma la statua in inverno vedeva solo terra scura. In primavera quei semi sbocciarono e fiorì un bel cespuglio di fiori, la statua tornò ad essere felice.",0,0,0,0,0,0
8," La statua nel parco C'era una volta un busto di pietra situato in un giardino. Quel busto teneva in mano un mappamondo, anche  lui  di pietra; il busto sorrideva, guardandolo. Una notte, un gruppo di ragazzi  decisero  di prendere il mappamondo e  si arrampicarono  sul busto per prenderlo, ma una volta tirato giù, lo lasciarono lì, poiché era troppo pesante per essere portato via. Il busto, senza il mappamondo, cominciò a  rattrstirzi . Ma un giorno di primavera alcune rondini costruirono il loro nido sulle mani del busto, e poco dopo nacquero le piccole rondini. Qualche mese dopo, però, le rondini dovettero partire, ma prima di lasciare la loro casa, misero terra e semi nelle mani del busto e la primavera successiva, il busto si ritrovò con un cespuglio pieno di fiori dentro le mani",0,5,0,0,0,0
9," Una statua nel parco C'era una volta un geografo che aveva un mappamondo in mano e guardandolo sorrideva; una notte, un gruppo di ragazzi,  fecero  rotolare giù il mappamondo e la statua smise di sorridere. Delle rondini costruirono il nido sopra le sue mani e ricominciò a sorridere. Le rondini, quando venne l'autunno dovettero migrare, ma siccome la statua smise di sorridere piantarono dei semi; quando rivenne  sbocciarono i fiori e ricominciò a sorridere.",0,0,0,0,0,0
10," Una volta, nel parco, c'era una statua di un geografo che teneva orgoglioso un mappamondo sulla sua mano. Un giorno, un gruppo di ragazzi, decise di rubare il mappamondo ma era troppo pesante, perciò lo  fecero  cadere sull'erba. Ora il geografo era triste. Tempo dopo vennero delle rondini che fecero il nido sulla mano della statua e, quando in inverno se ne andarono, i loro piccoli misero terra e semi al posto del nido. La primavera dopo al posto dei semi  era nato  un bel cespuglio sulle mani del geografo che era  dinuovo  contento.",0,6,0,0,0,0
11, La statua nel parco C'era una volta un geografo che aveva creato una statua di pietra con in mano un mappamondo. La sera dei ragazzini andarono a rubare il mappamondo  ma poi la mattina seguente il geografo vide che il mappamondo era stato staccato dalla statua. Allora delle  rondine  si posarono sulle mani della statua e fecero anche dei piccolini così il geografo incominciò ad essere più felice. Poi quando arrivò l'autunno le rondini partirono e lasciarono nelle mani della statua della terra e dei semi e quando venne la primavera sbocciarono i fiori.,0,2,0,0,0,0
12," La statua nel parco In una città c'era un gran monumento di pietra. Questo monumento rappresentava un busto di un geografo sorridente che con la mano sorreggeva un mappamondo. Una notte dei ragazzi decisero di rubare il mappamondo, lo fecero cadere dalla mano ma lo lasciarono sull'erba perché era troppo pesante; in quel momento il sorriso del geografo scomparve. In primavera arrivarono delle rondini che costruirono il nido sulla sua mano e ci deposero le uova. Il geografo vedeva  volere  le piccole rondini dalla mattina fino alla sera. Quando venne l'inverno le rondini misero dei semi sulla mano del geografo che quando rivenne la primavera si trovò un cespuglio di fiori bellissimi.",0,2,0,0,0,0
13," La statua nel parco In un parco si trovava una statua di un geografo. La statua (in pietra) teneva in mano un mappamondo, anche quello in pietra. Una notte dei ragazzi  staccarrono  il mappamondo, però lo lasciarono sull'erba; perché era troppo pesante. La statua diventò triste, però delle rondini fecero il nido sulla sua mano, e lui  torno  felice. I rondinini partirono, emigrarono. Però lasciarono della terra e dei semi sulla mano della statua, e quando tornò la primavera, crebbe un cespuglio, e la statua tornò a essere felice.",1,4,0,0,0,0
14," In un parco c'era una statua di pietra che sorrideva guardando il mappamondo che aveva fra le mani, anche esso di pietra. Una notte un gruppo di ragazzi decise di prendere il mappamondo del geografo: allora si  arrimpicarono  sulla statua e iniziarono a tirare ma quando cadde il mappamondo i ragazzi scapparono perché era troppo pesante. Pian piano il volto del geografo da essere felice divenne  tristezza . Quando arrivò la  Primavera  due rondini portarono pagliuzza, terra e costruirono un nido tra le mani del geografo. Poco dopo nacquero due piccole rondini. Quando le rondini partirono lasciarono dei semi con della terra tra le mani del geografo. Il geografo guardava la terra scura ma quando ritornò la  Primavera  da quella terra nacque un cespuglio di fiori bellissimi.",0,18,0,6,0,0
15," La statua nel parco Nel parco c'era una statua che fissava un mappamondo. Presto vennero delle rondini con delle pagliuzze e dei rametti così ben presto costruirono un bel nido dove depositarono le loro uova poi presto  sono nati  dei rondinini. Quando le rondini dovettero andare via, prima lasciarono terra e i semi così l' archeologo  fu felice.",0,0,0,0,0,0
16," Una statua nel parco Nel parco c'era una statua di pietra simile a un  geologo  e in mano teneva un  mappa mondo . Una  note  dei  ragazi  pensarono di portare via il , e lo spinsero giù, ma era troppo pesante per portarlo via e così lo lasciarono lì, e il geografo di pietra si ritrovò la mano vuota. Il giorno dopo delle rondini portarono: terra, pagliuzze e erba e ci  facerono  il nido e sul nido ci  covavano  delle uova e dalle uova  ci   naquero  dei rondinini. Un giorno se ne  dovevano  andare via ma prima portarono terra e semi. Il  geologo  di pietra in inverno si ritrovò solo in mano  di  terra ma in autunno si  trasforma  in un   mappa mondo  .",2,104,0,0,0,0
17," La statua nel parco Un geografo aveva trovato una statua che teneva tra le mani un mappamondo. La statua era felice. Dopo, un gruppo di ragazzi aveva cercato di rubare il mappamondo. Lo avevano fatto cadere nell'erba, lasciando la statua a mani aperte. Poi, erano arrivate delle rondini che  fecero un nido tra le mani della statua. Erano nate delle piccole rondini che crescendo se ne andarono dal nido lasciando sulla statua la terra marrone. E alla fine cascarono dei semi sulle mani della statua,  che  poi, in  Primavera , fiorirono dei bellissimi fiori.",0,2,0,1,0,0
18," La  stuata  nel parco In una piazza viveva un  geografico  di pietra con un  mapamondo  in mano. Un  giorno  dei ragazzi  volevano   rupare  la  stauta  tirarono con delle corde e il mappamondo cadde a terra. Il giorno dopo la  stuata   ivece  di essere felice diventò triste. A primavera le rondini  avevano fatto  un nido, dopo qualche giorno  naquero  dei piccini e le rondini regalarono alla  stauta  un pezzetto di terra. Passò l'inverno, quando tornò la primavera, c'era un cespuglio pieno di fiori",1,183,0,6,0,0
19," La statua nel parco In un parco c'era una statua tutta di pietra  dove  in mano aveva un mappamondo.  Eli  quando vedeva il mappamondo sorrideva. Una notte dei ragazzini buttarono per terra il mappamondo e così piano piano se ne andarono. Allora la statua a poco a poco diventò triste perché non aveva più il suo mappamondo. Arrivò la primavera ed un gruppetto di rondini si  posarono  sulla mano e così formarono un nido. Arrivò l'autunno e le rondini se ne andarono, ma prima di andarsene lasciarono un po' di terra, dei semi sulla mano. Ritornò la primavera e sulla mano crebbero dei fiori bellissimi",0,5,0,0,0,0
20," La statua nel parco C'era una volta una statua di un geografo con in mano un  mondo  di pietra che lo faceva sorridere. Un giorno dei ragazzi decisero di rubare il  mondo  allora di notte tirarono e  spingerono   finche  non cadde dalle mani del geografo,  pultroppo  il  mondo  di pietra era troppo pesante, allora lo lasciarono su un prato. Di colpo il geografo  divene  triste  finche  delle rondini non fecero il nido  su le  sue mani e non nacquero delle piccole rondini  stavano via tutto il giorno  finche  non veniva notte, il geografo era felice ma di colpo le rondini dovettero migrare. Però le rondini  lascarono  della terra con dei semi. D'estate il geografo  divene  felice perché  cresse  un cespuglio sulle sue mani",2,102,0,6,0,0
21, La statua nel parco Nel parco c'era una statua di pietra che  rapresentava  un geografo con in mano un mappamondo anche quello di pietra. Una  notta  dei ragazzi decisero di prendere il mappamondo quindi cercarono di  scrolarglielo  dopo averlo preso lo lasciarono sul prato perché era troppo pesante per prenderlo. Dopo qualche tempo il sorriso del  geogravo  si capovolse all'  inciù . In primavera delle rondini fecero un nido sulla mano del geografo e così lui ridiventò felice. Nel nido  naquero  delle rondinine che ben presto impararono a volare. Così partivano la mattina e ritornavano la sera  dove   i  geografo  gli  aspettava. In primavera le rondini partirono ma lasciarono della terra in mano al geografo. Da quella terra scura  naque  un bellissimo  cespuiglio  di fiori. Così l'  archeologo  diventò molto felice,2,168,0,0,0,0
22," La statua nel parco C'era una volta in una città un geografo di pietra che teneva in mano un mappamondo anche quello era di pietra e molto pesante. Un giorno, sfortunatamente, dei ragazzi presero il mappamondo ma, lo posarono in terra perché era troppo pesante. Così la statua restò a mani vuote. Un giorno però, delle rondini misero un po' di pagliuzza, rametti e terra nelle mani vuote della statua dove poi  ci    depose  delle uova. Con il tempo queste uova si aprirono dando origine ad altre rondini. Purtroppo, arrivato l'autunno le rondini se ne andarono ma tra le mani vuote  ci  lasciarono un po' di terriccio con sopra dei piccoli semi  che  ben presto  ci   crescero  dei bellissimi fiori.",0,0,0,0,0,0
23," C'era una volta, in un parco, una statua di pietra dedicata a un geografo che teneva sulla mano un mappamondo, anch'esso di pietra. Una notte dei ragazzi decisero di andare al parco e spinsero il mappamondo di pietra fino a buttarlo giù e lo lasciarono lì; il sorriso del geografo presto diventò tristezza. In primavera due rondini fecero il nido sulla mano del geografo e ben presto nacquero delle piccole rondini che iniziarono subito a volare, partendo il mattino e tornando la sera. Quando arrivò l'inverno le rondini se ne andarono e lasciarono i semi  con la terra; al ritorno della primavera i semi germogliarono e, sulla mano del geografo, nacque un bellissimo cespuglio.",0,0,0,0,0,0
24," La statua nel parco In una piazza c'era una  tatua  di un geografo fatto in pietra con in mano un mappamondo che anche quello era in pietra. Una notte un gruppo di ragazzi decisero di andare a rubare il mappamondo, spinsero e scrollarono la statua e il mappamondo cascò ma lo lasciarono lì perché era troppo pesante per portarlo via. La statua prima sorrideva ma il suo sorriso si  abbassò . In primavera delle rondini fecero il nido sopra la sua mano, poi nacquero  dei  rondini che impararono a volare e la statua aspettava che tornassero di sera con di nuovo il suo sorriso. In autunno, però, le rondini dovettero partire e lasciarono dentro il nido dei semi ricoperti di terra scura. Ritornò la primavera e dentro il nido nacque un bellissimo cespuglio.",0,3,0,1,0,0
25," La statua nel parco Un giorno in un parco c'era una statua che rappresentava un geografo molto famoso e il geografo aveva il mappamondo in mano, il geografo quando guardava il mappamondo non smetteva di sorridere, ma una sera dei ragazzi pensarono di prendere il mappamondo e di portarlo via, i ragazzi arrivarono al parco e si arrampicarono per prendere il mappamondo ma i ragazzi non avevano tanta forza per  mettero  nel furgone e quindi lo  lascarono  sul prato, e il geografo rimase a mani vuote e quel sorriso si   trascuro  . In estate delle rondini fecero il nido prendendo: terra e pagliuzza. Le rondini avevano deposto le uova che si  schiuderanno  e presto   incominceranno  a volare e il geografo era contentissimo ma poi in inverno dovettero partire e le due rondini presero un  po  di  tera  e ci misero un  po di semini, e un  girno  di primavera  naquero  dei bellissimi fiori.",1,75,0,10,0,2
26, La statua nel parco C'era una volta un geografo che aveva un mappamondo di pietra. Una notte un gruppo di ragazzi tentarono di rubare il mappamondo però era troppo pesante quindi lo lasciarono lì nel parco.  Il geografo quando se  ne  accorse che non c'era più il suo sorriso si trasformò in tristezza. In primavera le rondini arrivarono e portarono roba occorrente per costruire il nido sulla statua. Dopo nacquero i rondinini e in autunno dovettero ripartire. Prima di ripartire presero il terreno e lo diedero al geografo così  ora  ridivenne sorridente. Le rondini poi lasciarono anche dei semi sul nido e dopo nacquero dei fiori.,0,0,0,0,0,0
27," Il geografo di pietra Nel parco di una città c'era un geografo fatto di pietra con in mano un mappamondo anche quello fatto di pietra, il mappamondo  lui  lo guardava sempre felice. Un giorno dei ragazzini volevano prendere il mappamondo, lo spinsero e rotolò giù; i  raggazzini  se ne andarono e lo lasciarono lì. Quando arrivò la primavera delle rondini fecero un nido sulla sua mano, poi fecero delle uova che si  squisero , e i piccoli incominciarono a volare. Arrivò l'autunno e le rondini se ne andarono, però lasciarono dei semi; i semi poi divennero fiori.",1,6,0,0,0,0
28," La statua nel parco In un parco c'era una statua di un geografo fatta di pietra che teneva in mano un mappamondo sempre di  pietre ; una sera un gruppo di ragazzi volle prendere il mappamondo, ma lo   la sciarono   a terra perché era troppo pesante e così il geografo rimase a  mini  vuote e triste. Quando venne la primavera due uccellini iniziarono a costruirsi un nido sulla mano del geografo facendolo di nuovo felice; dopo un po' nacquero due uccellini che presto impararono a volare. Arrivato l'inverno gli uccellini  sene  dovettero andare ma prima, presero un  pò  di terra e dei semi e quando ritornò la primavera dai semi nacquero dei bellissimi fiori.",0,20,0,0,0,1
29," La statua nel parco In un parco  c'è  una statua di pietra che aveva un mappamondo in mano sempre di pietra. Una sera dei ragazzi volevano rubare il mappamondo i ragazzi  levarono   tra  le mani della statua ma non lo presero perché era troppo pesante, quindi il sorriso della statua pian piano divenne triste. Un paio di giorni  fa  delle rondini fecero il nido sulle mani della statua e  fra  qualche giorno  naquero  delle rondini, che quando impararono a volare se ne andarono. E quindi era  dinuovo  solo ma poi delle sue mani spuntarono dei meravigliosi fiori.",0,20,0,0,0,0
30, La statua nel parco In un museo c'era un geografo di pietra che aveva un mappamondo in mano (sempre di pietra). Il geografo di pietra guardava il mappamondo di pietra e sorrideva. Un giorno dei ladri entrarono di nascosto in quel museo e rubarono il mappamondo. Andarono fuori dal museo ma era così pesante che si arresero e lo lasciarono lì. Venne la primavera e il mappamondo da sorridente divenne triste. Delle rondini costruirono un nido nella mano del mappamondo e fecero dei rondinini. L'autunno si fece sentire e tutte le rondini nel nido andarono via per paesi più caldi.,0,0,0,0,0,0
31," La statua nel parco Un giorno in un parco c'era una statua con in mano un mappamondo ed aveva la faccia sorridente ma  quella  notte, accadde che un gruppo di ragazzi volle prendere il mappamondo; allora spinsero, tirarono ma il mappamondo cadde a terra e loro scapparono e la statua rimase a mani vuote. Venne la primavera e le rondini presero: paglia, rami, foglie e fecero la casa sulle mani della statua e dopo un  po  nacquero delle rondini piccoline che dopo poco iniziarono a volare per poi ritornare la sera. Venne l' Autunno  e le  rondine  se ne  devono  andare, però prima di andarsene raccolsero della terra con dei semi e la posarono sopra le mani della statua e dopo qualche giorno nacquero dei fiori.",0,16,0,0,0,1
32," Il geografo di pietra In una piazza c'era una statua fatta di pietra che rappresentava un geografo che aveva in mano un mappamondo. Una notte  vennero  un gruppo di ragazzi per rubare il mappamondo, lo presero e lo buttarono in terra ma ce lo lasciarono  perche  era troppo  peso  per portarlo via. Il geografo  triste  guardava la sua mano vuota con tristezza, ma quando venne la primavera un gruppo di rondini costruì il nido sulla mano del geografo e quando il geografo si riguardò la mano era felice perché  ci  aveva qualcosa sopra. Ma poi venne l'inverno e le rondini dovettero andare via ma prima di andare via nella mano gli  ci  misero i semi e così gli  ci  nacque un albero e il geografo non era più infelice.",0,7,0,0,0,0
33, C'era una volta una statua che raffigurava un geografo con in mano un  mappa mondo . Una sera alcuni ragazzi cercarono di rubarglielo ma non ci riuscirono perché era troppo pesante; la statua divenne triste e a mani vuote ma ben presto le sue mani ospitarono un nido di rondini che fecero dei piccoli. Quando dovettero migrare verso sud lasciarono nelle mani della statua un  pò  di terra e semi da cui nacque un bellissimo cespuglio di fiori.,0,4,0,0,0,1
34," Il geografo di pietra  In un parco c'era una statua di un geografo, la statua era di pietra, il geografo aveva in mano un mappamondo anche quello di pietra. Un giorno dei ragazzi decisero di togliere dalle mani del geografo il mappamondo; sfortunatamente ci riuscirono, il sorriso del geografo ben presto si trasformò in una faccia triste. Dopo un  po  di tempo sulle mani del geografo vennero a fare il nido delle rondini; così il geografo tornò felice. La mamma fece delle uova che presto si schiusero. Le rondinelle impararono a volare, di giorno andavano via e di sera ritornavano. Quando arrivò l'inverno le rondini volarono via ma sul nido lasciarono dei semi che diventarono un cespuglio pieno di fiori.",0,0,0,0,0,1
35," La statua nel parco In un parco c'era un geografo fatto di pietra con un mappamondo in mano, anche quello fatto di pietra. Quando il geografo guardava il mappamondo era felice. Un giorno a dei ragazzi venne l'idea di rubare il mappamondo, ma il mappamondo era troppo pesante per essere trasportato e quindi lo lasciarono a terra; il geografo si guardò la mano e divenne triste. Degli uccelli videro la mano vuota e ne approfittarono per farci un nido, dopo poco tempo nacquero degli uccellini, ma in  Primavera   gli  se ne dovettero andare e lasciarono sulla mano dello studioso della terra dei semi e dopo un po' di tempo crebbe un bellissimo cespuglio pieno di fiori.",0,1,0,1,0,0
36," La statua nel parco In un parco viveva un busto di pietra di un geografo che teneva in mano un mappamondo; il geografo era sorridente. Una notte dei bambini andarono nel parco per rubare il mappamondo del geografo: così salirono sulla statua e lo buttarono sul prato; non lo riuscivano più a sollevare perché era di pietra! Pian piano il geografo diventò triste e il suo sorriso si trasformò in tristezza! Un giorno di primavera arrivarono delle rondini che fecero un nido sopra la mano del geografo. Era  dinuovo  felice.  E se le rondini, quando  diventate  adulte, sarebbero partite, il geografo avrebbe avuto in mano un cespuglio di fiori .",0,3,0,0,0,0
37," In una città, in un parco c'era una statua: un  geologo  con un mappamondo in mano, però un  gioro  dei ragazzi lo fecero cadere ma visto che era pesante lo lasciarono  li . Il  geologo  era triste. Però delle rondinin fecero il nido  li : il geologo era felice. Le rondini in autunno dovettero migrare prima però misero terra e semi nella mano che in primavera sbocciarono  (semi) .",0,27,0,0,0,0
38, La statua nel parco In un parco c'era una statua di un geografo che teneva in mano un mappamondo. Una notte dei ragazzi fecero cadere il mappamondo per prenderlo ma era troppo  peso  e lo lasciarono lì. Il geografo rimase a mani vuote. In primavera degli uccellini si costruirono il nido sulla mano del geografo e esso ricominciò a ridere. In autunno gli uccellini andarono via ma prima avevano messo altra terra con dei semi. Così la primavera dopo  era cresciuto  un cespuglio di fiori colorati.,0,0,0,0,0,0
39, La statua nel parco In un parco di una città c'era una statua di un  geografico  molto importante con un bel sorriso e un mappamondo sulla mano. Una sera dei ragazzi decisero di  rubarla  una volta  messa  in terra non riuscirono a  portarla  via. Il  geografico  rimase molto triste  di M primavera arrivarono delle rondini a fargli il nido sulle mani il  geografico  riprese il suo sorriso  nascero  delle rondinine però quando finì la primavera le rondini  sene  andarono lasciando  li  della terra e semi il geografo osservò tutto il tempo  qel  mucchio di terra dopo un  pò  di tempo  nasce  un bel cespuglio fiorito.,0,39,0,0,0,1
40, In un parco c'è una statua di un geografo con un mappamondo in una mano. Una notte dei ragazzi  volevano  rubare il mappamondo lo spinsero e  casco  sul prato e lo lasciarono lì perché era troppo pesante. Col passare del tempo vennero delle rondini che fecero dei rondinini che tornavano solo di notte. Di inverno le rondini  sene  andarono via e il geografo sorrise.,0,14,0,0,0,0
41, In un parco  c'erà  una statua che si guardava la mano. Sopra la mano c'era un mappamondo. Un giorno due ragazzi buttarono a terra il mappamondo ma non riuscirono a prenderlo perché era troppo pesante. La statua era molto triste. In primavera vennero delle rondini e ci fecero il nido. Poi  nascero  dei rondinini che tornavano solo la sera. In autunno le rondini dovettero andare via e ci lasciarono della terra. In primavera sulla mano della statua crebbe una bella pianta con dei bellissimi fiori e il geografo divenne felice.,0,5,0,0,0,0
42," In una piazza c'era un geografo di pietra con un mappamondo sulla sua mano. Una notte un gruppo di ragazzi rubarono il mappamondo, ci fecero di tutto e alla fine cadde, ma  fù  così pesante che alla fine lo lasciarono lì. Un giorno due rondini ci costruirono il nido. Poi le uova si schiusero e  erano nati  i rondinini.  Le rondini in autunno dovettero andare in posti più caldi e prima di partire ci lasciarono i semi e la primavera seguente spuntò un cespuglio pieno di fiori.",0,3,0,0,0,0
43," In un parco c'era una statua sorridente che in mano aveva un mappamondo. Un giorno di notte dei ragazzi vollero rubare il mappamondo, lo  muovero  lo scrollarono fino a che cadde però era troppo pesante. Allora il suo sorriso divenne triste. Al calare della primavera delle rondini costruirono un nido e  deposere  le uova.  All' inverno le rondini dovettero andarsene però lasciarono altra terra e dei semini sulla mano della statua. Quando venne la primavera alla statua  gli  crebbe un cespuglio bellissimo.",0,5,0,0,0,0
44, La statua nel parco In un parco c'era il busto di un geografo che con le mani teneva un gigante mappamondo. Una notte un gruppo di ragazzi cercò di rubarlo e scrollando il busto del geografo fecero cascare il mappamondo ma lo  lasciarono  lì perché era troppo pesante. Un po' di tempo dopo in estate delle rondini fecero il nido sulla mano del busto che rappresentava il geografo. Dopo  naquero   dei  rondini che si mettevano in volo di giorno per poi ritornare di notte. Quando arrivò l'inverno le rondini dovettero partire ma prima lasciarono dei semi da  quì  nacque un bellissimo cespuglio fiorito.,0,12,0,0,0,0
45, In una città in mezzo a un parco  scolpito  nella roccia c'era una statua di un geografo sorridente che teneva in mano un mappamondo di pietra. Una notte dei ragazzi pensarono di rubare il mappamondo e riuscirono a strapparlo dalle mani del geografo però lo lasciarono nel prato vicino alla statua perché era troppo pesante. Il geografo era triste finché una famiglia di rondini fece il nido sulle mani del geografo però in autunno  dovettero  andare ma  lasciarono  dei semi. Il geografo felice ogni giorno  vede  i semi crescere.,0,0,0,0,0,0
46," Un giorno in un parco fu scolpito un  geologo  di pietra che portava in mano un mappamondo di pietra. Una sera dei ragazzi provarono a spingere il mappamondo per terra ma non ci riuscirono perché era troppo pesante, allora da quel giorno il  geologo   di ventò  triste. Un giorno degli uccellini si misero sulla mano del  geologo   che  deposero le loro uova. Da quel giorno il  geologo  diventò di nuovo felice. Quando arrivò l'autunno gli uccelli partirono e al posto del loro nido misero una pianta.",0,13,0,0,0,0
47," La statua del parco In un parco era rappresentata la statua di un geografo felice con un mappamondo di pietra in mano. Una notte dei ragazzi decisero di rubare il mappamondo e ci riuscirono, solo che lo lasciarono lì perché era troppo pesante e così da un sorriso splendente, il geografo diventò triste. In primavera delle rondini costruirono il nido sulla mano del geografo e poi ci deposero delle uova da cui nacquero dei rondinini. Quando arrivò l'autunno le rondini se ne andarono ma, prima di andarsene misero della terra sulla mano del geografo.  Al  momento che tornò la primavera, dalla terra nacque un cespuglio di fiori colorati e bellissimi. ",0,0,0,0,0,0
48," Nel parco di una città c'era una statua mezzo busto. Era la statua di un importante geografo, che tra le mani teneva un mappamondo di pietra come  daltronde   come  il busto e tutto il resto. Una notte un gruppo di ragazzi decise di voler prendere il mappamondo...Quindi andò nel parco ed  iniziarono  a: scrollare, battere e spingere il mappamondo finché l'oggetto che era tra le mani cascò. Il geografo rimase  li  a mani vuote ed il mappamondo nel prato, così pian piano il sorriso del geografo si trasformò in tristezza. In primavera due rondini presero erba, ramoscelli e fango e andarono a costruire il nido tra le mani del geografo. Pian piano la tristezza svanì e tornò il sorriso mentre i rondinini crescevano. In inverno le rondini migrarono ma prima lasciarono della terra e dei semi sulla mano del geografo, che durante l'inverno guardava la terra scura. In primavera nacque un cespuglio di fiori colorati",0,12,0,0,0,0
49," La statua del parco C'era una statua nel parco con un mappamondo in mano. Un giorno dei ragazzi decisero di rubare il mappamondo. Scrollarono e tirarono fino a che il mappamondo non cascò. Una volta che il mappamondo   fù  cascato  lo lasciarono lì, perché era troppo pesante per portarlo via. La statua diventò triste. Un giorno le rondini fecero il nido sulle mani della statua. La statua era felice! Nacquero dei rondinini che volavano tutto il giorno e tornavano la notte. Quando arrivò l'autunno le rondini prima di partire lasciarono la terra sulla mano della statua e dei semi a terra. Quando arrivò la primavera nacque un cespuglio bellissimo.",0,1,0,0,0,0
50," Un giorno nel parco viveva una statua felice, con il mappamondo in mano, ma un giorno dei bambini  volevano  rubare il mappamondo lo  spingevano  e lo fecero rotolare giù dalla mano della statua, la statua era triste. A primavera delle rondini fecero il nido sulla mano della statua, le rondini fecero delle piccole rondinelle, le rondinelle andavano via di giorno e ritornavano la notte arrivò l'autunno le rondini andarono via però prima di andare le rondini fecero cadere dei semi sulla mano della statua e da quei semi  naque  un cespuglio di fiori e la statua da quel giorno fu felice.",0,8,0,1,0,0
51," In un parco c'era una statua che era  metà  busto, la statua sorrideva sempre guardando il mappamondo. Una notte arrivarono dei ragazzi che piano piano tolsero il mappamondo dalle mani della statua e lo fecero rotolare nel prato ma per fortuna  non  i ragazzi non riuscirono a portare via il mappamondo; ma il geografo si rattristì ma a primavera vennero le  rondine  e fecero il nido sulla mano della statua e presto nacquero  dei  rondini. Venne l'autunno e le rondini prima di andare via misero della terra nella mano della statua e vi lasciarono cadere dei semi; La primavera successiva nella mano del geografo  c' erano nati  i fiori e quindi il geografo non era più triste",0,3,0,0,0,0
52," In un parco c'era una statua, la statua rappresentava un geografo che in mano aveva un mappamondo ed era felice. Una notte dei ragazzi presero il mappamondo, per prenderlo dovettero  batterlo  forte, alla fine il mappamondo cadde i ragazzi però non lo  prenderono  perché era troppo pesante. Il geografo era triste. In primavera nella mano del geografo le rondini  ci  fecero il nido e  nascerono  due rondinini. Arrivata l'autunno le rondini se ne andarono ma nella mano del geografo le rondini lasciarono il nido e dentro dei semini. Arrivata la primavera nella mano del geografo nacque un cespuglio e  il  geografo  li  era tornato il sorriso.",0,0,0,0,0,0
53, La statua nel parco In un parco di una città c'era una statua di un geografo solo con il busto. Il geografo aveva nella mano un mappamondo di pietra e per questo la statua aveva sempre il sorriso. Una notte dei ragazzi per dispetto si arrampicarono sulla statua e spinsero dalla mano del geografo il mappamondo e il sorriso divenne tristezza. In primavera nella mano del geografo  vennero  a fare il nido una coppia di rondini che fecero i rondinini e il geografo si  riappacificò . Quando venne l'autunno le rondini andarono via e al loro posto lasciarono della terra con dei semi. Il geografo si rattristò. A primavera nella mano del geografo  naque  un cespuglio di fiori. Il geografo si rallegrò e visse per sempre felice e contento.,0,8,0,0,0,0
54," La statua nel parco In una piazza c'era la statua di un geografo molto felice perché tra le mani teneva un mappamondo; dei ragazzi rubarono il mappamondo ed il geografo diventò triste. Durante la primavera arrivarono due rondini che costruirono il nido tra le mani del geografo. Poi nacquero due rondinini, però ben presto arrivò l'inverno e le rondini prima di andare in  lughi  più caldi lasciarono nelle mani della statua un po' di terra e dei semi. La primavera tornò, e nelle mani del geografo era  spunto  un cespuglio pieno di fiori, così alla statua  torno  il sorriso.",0,14,0,0,0,0
55, Un giorno un geografo vide in un parco una statua molto grande con in mano un mappamondo di pietra. Una notte però un gruppo di ragazzi decise di rubare il mappamondo così si  arrampicarono  sulla statua e  fecero  cadere il mappamondo. Il giorno dopo arrivarono 2 rondini che deposero le uova e così nacquero 2 rondinini.,0,0,0,0,0,0
56," La statua nel parco Nel centro di una piazza  fù  costruita una statua di un geografo con in mano un mappamondo. Un giorno dei bambini decisero di prendere il mappamondo. Spinsero, spinsero, fino a che il mappamondo cadde. I bambini non riuscirono a portarlo via così lo lasciarono lì. La statua dopo  qualchè  giorno diventò triste fino a quando in primavera delle rondini fecero il nido sulla sua mano dove nacquero piccoli rondinini. La statua diventò molto  felicie . Le rondini prima di andare in luoghi caldi fecero cadere della terra  su la  mano della statua con dei semini. In primavera nacquero bei fiori e la statua diventò molto molto  felicie .",0,50,0,0,0,0
57," La statua nel parco In un parco viveva una statua di pietra con solo il busto, in mano teneva un mappamondo, la sua faccia  guarda  il mappamondo sorridendo. Una notte dei ragazzi decisero di portare via il mappamondo, poiché era troppo pesante lo lasciarono cadere a terra poi la statua  divento  triste e la sua faccia con quel bel sorriso diventò triste. In primavera arrivarono due rondini che con paglia e terra fecero il nido con due rondinini. Arrivato l'autunno le rondini andarono via ma lasciarono il nido  tra la  mano  de  geografo, ci misero semi e poco a poco  creve  un cespuglio di fiori e la faccia del geografo  ritorno  a sorridere.",0,12,0,0,0,0
58," La statua nel parco C'era una volta, in un parco, una statua solo con busto che rappresentava un geografo, sulla sua mano teneva un mappamondo. Una notte, dei ragazzi, decisero di prendersi il mappamondo che teneva sulla sua mano. Si arrampicarono sulla statua e fecero cadere, il mappamondo sul prato e il sorriso diventò triste. In primavera delle rondini fecero il loro nido e fecero anche dei rondinini e la statua riprese il sorriso. I rondinini impararono a volare e ogni giorno partivano per portare cibo e ritornavano la sera. Quando giunse l'autunno le rondini migrarono e  l'asciarono  il nido però prima di andarsene misero un  pò  di terra, delle pagliuzze e dei semi. La primavera dopo sbocciarono dei bellissimi fiori sulla mano della statua.",0,4,0,0,0,1
59, La statua nel parco In un parco c'era una statua di pietra di un  geofrafo  costruita fino al busto con un mappamondo su una mano. Una sera un gruppo di ragazzi  decisero  di rubare il mappamondo.  Spinero  e tirarono fino a che il mappamondo cadde  sull  erba i  raggazzi  se ne andarono a mani vuote perché il mappamondo era troppo pesante il sorriso della statua diventò tristezza. In autunno due rondini fecero il nido sulla mano del geografo. A primavera  naquero  due rondinini ogni mattina andavano a caccia ed il  geofrafo  aspettava con ansia il loro ritorno  che tornavano la sera . In autunno le rondini prima di ripartire misero terra e semi sulla mano della statua ed in primavera erano sbocciati dei bellissimi fiori e la statua  torna  felice,1,76,1,0,0,0
60," La statua del parco In un parco c'era una statua con un mappamondo in mano. Il racconto racconta la storia di questa statua che, una notte fu derubata da alcuni ragazzini che gli avevano fatto cadere dalla mano il mappamondo a cui la statua era fedele. Ma dopo arrivarono  de  rondini che deposero le loro uova sulla mano della  stauta  da cui  naccuero  due  aquilotti . In autunno le rondini dovettero andare, via ma prima di andare misero della terra  sula   mani  della statua in cui a primavera  è spuntato  un cespuglio pieno di fiori.",0,70,0,0,0,0
61," La statua nel parco  In un parco c'era una statua di un geografo che teneva fra le mani un mappamondo. Una notte dei ragazzi che volevano rubare il mappamondo spinsero, tirarono e scrollarono e il mappamondo  casco  e loro lo lasciarono  li  perché era troppo pesante per trasportarlo e pian piano il geografo diventò triste. Con il tempo delle rondini fecero il nido fra le mani del geografo, prima di migrare fra le mani del geografo  ci  lasciarono la terra e dei semi l'estate successiva  naquero  dei cespugli di fiori bellissimi e da un geografo triste diventò un geografo sorridente (felice). ",0,18,0,0,0,0
62," In un parco c'era una statua di un geografo  su cui un mappamondo era appoggiato su una mano ; ma un giorno dei ragazzi  volevano  togliere il mappamondo dalla mano del geografo, però quando riuscirono a staccare il mappamondo non furono così forti allora lo lasciarono sull'erba d'inverno vennero e fecero il nido le rondini sulla mano del geografo e a primavera  nascero  i rondinini però prima di migrare le rondini lasciarono cascare terra e qualche seme sulla mano del geografo e quando fu primavera sulla mano del geografo nacque un bel cespuglio fiorito e il geografo ridiventò felice.",0,0,0,0,0,0
63," La statua nel parco In un parco  c'è  una statua con un mappamondo in mano, ma una notte un gruppo di ragazzi rubarono il mappamondo lo tirarono e il mappamondo cascò nell'erba. I ragazzi lasciarono  li  il mappamondo perché era troppo pesante, allora il geografo diventò triste. Quando arrivò la primavera delle rondini fecero il nido e nacquero due rondinini. Quando arrivò l'autunno le rondini migrarono, ma prima di migrare lasciarono cadere nella mano del geografo un  po  di terra e un semino, quando ritornò la primavera era cresciuto un cespuglio di  fiori  e così il geografo ritornò felice.",0,10,0,0,0,1
64," La statua nel parco In un parco, c'era una statua di un geografo scolpita solo fino al busto, in mano aveva un mappamondo. Una notte, un gruppo di ragazzi, decisero di rubare il mappamondo del geografo, ma appena lo presero si accorsero che era troppo pesante e lo lasciarono cadere in terra. A quell'azione, il sorriso del geografo si rattristò. A primavera arrivarono delle rondini che nidificarono sulla mano del geografo, che si rallegrò. Quando però le rondini dovettero migrare, il geografo si rattristò  dinuovo , allora le rondini misero della terra e dei semi sulla sua mano e ben presto diventarono dei bellissimi fiori e allora il geografo si rallegrò.",0,3,0,0,0,0
65," La statua nel parco In un parco avevano costruito una statua, fino al busto. Era rappresentato un geografo con un mappamondo in mano. Due ragazzi decisero di levare il mappamondo dalle mani del geografo, il mappamondo rotolò giù fino a toccare terra. Arrivò la primavera e due rondini deposero il nido sulla mano del geografo e  naquero  due rondinini.  Le  rondinini  spiccarono  il volo di giorno e ritornavano di sera, lo sguardo del geografo ritornò sorridente.",0,5,0,0,0,0
66," La statua nel parco C'era una volta una statua di un geografo, in mano il geografo teneva un mappamondo. Un giorno un gruppo di ragazzi fecero cadere il mappamondo per terra, il mappamondo era molto pesante e quindi lo lasciarono lì, il geografo diventò triste. In primavera arrivò una coppia di rondini e fecero un nido sulla mano del geografo, le rondini deposero le uova e  sono nati  dei rondinini. Quando arrivò l'autunno dovettero migrare ma prima lasciarono un  pò  di terra e dei semi. In primavera  naque  un cespuglio di fiori!!",0,5,0,0,0,1
67," La statua nel parco In un parco c'era una statua di un geografo. La statua era fatta di pietra e in mano aveva un mappamondo. Una notte dei ladri rubarono il mappamondo però lo lasciarono sul prato perché era troppo pesante. Un bel giorno di primavera due rondini si depositarono nella mano in cui c'era il mappamondo. Poi arrivata la primavera le rondini se  né  andarono e nella mano si formarono fiori, piante. Questa è la fine.",0,1,0,0,0,0
68," La statua nel parco In un parco  c'è  una statua con solo il busto. La statua, di pietra, aveva su una mano un mappamondo di pietra e lo guardava sempre, con uno sguardo felice. Un giorno, dei bambini cattivi tirarono, scrollarono e alla fine fecero cadere il mappamondo. Si accorsero che il mappamondo era troppo pesante e allora lo lasciarono sull'erba. Con il passare dei giorni lo sguardo della statua diventò triste. A primavera, una famiglia di rondini fece il nido su un albero vicino alla statua. Prima di andarsene, in autunno, le rondini lasciarono sulla mano della statua un po' di terra. La primavera dopo quando le rondini tornarono il geografo aveva  dinuovo  uno sguardo felice perché sulla sua mano era cresciuto un cespuglio di fiori. ",0,1,0,0,0,0
69," La statua nel parco In un parco era esposto un busto di pietra che rappresentava un geografo con in mano un mappamondo. Una notte un gruppo di ragazzi staccò il mappamondo dalla mano del geografo, lo  lasciarono  sull'erba perché era troppo pesante da trasportare. In  Primavera  due rondini fecero il nido nella mano del geografo. Quando tornò l' Autunno  le rondini andarono via, ma prima di partire misero nella mano del geografo un  po  di terra e dei semi. La primavera seguente, nella mano del geografo nacque un bellissimo cespuglio di fiori.",0,8,0,2,0,1
70," La statua nel parco Nel parco c'era una statua di un geografo con un mappamondo in mano; Un giorno un gruppo di ragazzini decise di rubare il mappamondo che teneva stretto nelle sue mani il geografo, il mappamondo  rotolo  in terra e   al geografo al posto di quel grande sorriso divenne triste . Un giorno una coppia di rondini  costrui  un nido sopra le mani del geografo e partorirono dei rondinini al geografo  li   ritorno  il sorriso quando per le rondini  fù  il momento di andare vollero mettere nelle mani del geografo terra e semi così in primavera nacque un cespuglio di fiori.",0,20,0,0,0,0
71," La statua nel parco C'era una volta una statua di pietra con una  carta geografico  in mano. L'avevano fatta dei geografi in un parco. Un giorno vennero dei ragazzi che volevano prendere  la carta geografica ,  c'è   l'hanno fatta  e  l'  anno  portata  via. La statua prima era felice ma ora è triste perché non ha  gnente  in mano. Un bel giorno delle rondini fecero un nido sulla mano della statua, fecero i rondinini però dopo un  pò   andaro  tutti via, però almeno la sua faccia  gli era rallegrata. Poi gli  naque  un bel cespuglio di fiori e la faccia ebbe sempre sempre un bel sorriso.",0,48,0,4,1,1
72," La statua nel parco In un parco c'era una statua di un geografo di pietra con in mano un mappamondo di pietra. Un giorno due ragazzini rubarono il mappamondo di pietra che cadde nell'erba perché i  radruncoli  non riuscirono a prenderlo. Il sorriso diventò tristezza, però un giorno due rondinini deposero le uova nelle mani del geografo, poi in inverno andarono a migrare e  l'asciarono  pagliuzza ed erbetta che in primavera  diventò  un cespuglio di fiori bellissimi.",0,10,0,0,0,0
73," La statua nel parco In un parco tanto tempo fa c'era una statua di un geografo, del geografo c'era soltanto il busto che con le mani teneva un mappamondo sorridendo. Una notte un gruppetto di  ragazi  voleva rubare il mappamondo del geografo, però i ragazzi  scrolarono  più che  potevano  e alla fine  la cartina  cascò giù. I briganti lasciarono lì il mappamondo perché pesava troppo. In primavera delle rondini con foglie e erba secca  ci  fecero il nido sopra a una mano dello studioso, poi in autunno le rondini prima di emigrare  metteranno  sull'altra mano della terra e i semi. Per tutto l'autunno e l'inverno dalla terra e dai semi non  spunto  nulla, ma  i  primavera quando ritornarono nel nido dalla terra spuntò un cespuglio con i fiori.",2,30,0,0,0,0
74," La statua nel parco C'era in un parco di un paese una statua di un geografo fatta di pietra che reggeva un mappamondo di pietra. Il geografo era felice, finché un giorno dei ragazzi gli tolsero il mappamondo.  Il gigante  era triste, ma un giorno arrivarono due rondini e fecero  li  il loro nido,  vi  deposero le uova e ben presto  nascerono  due bei rondinini che ben presto volavano tutto il giorno per poi tornare la sera. Poi venne il momento di migrare però prima di partire  lasciaro  due semini. Il geografo in primavera si ritrovò sulla mano dei fiori bellissimi",0,16,0,0,0,0
75, La statua nel parco In un parco c'era una statua di pietra con solo il busto e su una mano teneva un mappamondo sempre di pietra. Un giorno dei ragazzi si arrampicarono sulla statua e per dispetto la buttarono giù facendola rotolare; la faccia del geografo diventò triste. Quando fu primavera arrivarono delle rondini che fecero il loro nido sulla mano del geografo che ritornò ad essere sorridente. In autunno le rondini dovettero andare via e al posto del nido le rondini  metteranno  un po' di terra e  ci  lasciarono cadere qualche seme e infatti la primavera dopo sulla mano del geografo c'era un cespuglio pieno di fiori.,0,0,0,0,0,0
76," La statua nel parco Nel parco c'era una statua di un signore che teneva il mappamondo in mano. Dei ragazzi con il mappamondo  ci  volevano giocare, così tolsero il mappamondo dalla statua  il mappamondo  ma era troppo pesante e lo lasciarono sul prato. La statua era triste,   vinivano   delle rondini per fare il loro nido sulla mano della statua che era triste. In inverno le rondini  partivano  per andare dove era caldo ma prima  gli  lasciarono dei semi sulla mano della statua. La statua rimase triste per tutto l'inverno ma a primavera vide crescere sulla mano i fiori.",0,8,0,0,0,0
77," La statua nel parco In una città dentro un parco  c'è  una statua di un geografo fatta di pietra con due mani su una mano portava un mappamondo anche quello di pietra ed il  il  il busto ed era felice. Un giorno dei ragazzini volevano buttare  giu  dalle mani del geografo il mappamondo dopo tanti sforzi ci riuscirono poi se  né  scapparono via. Dopo un  po  di tempo il busto del geografo diventò triste poi ancora di più, dopo qualche giorno delle rondini  costruiscono  con il fango e un  po  di paglia il loro nido sulla mano del geografo deposero le uova. Dopo qualche giorno si schiusero le uova dopo un  i rondinini sapevano volare, partivano di giorno e  tornano  la sera e dopo un  po  il  fusto  del geografo diventò felice e quando venne l'autunno le rondini prima di partire  mettono  terra e semini. Quando  la primavera  sbocciano  i fiori e ritornarono le rondini.",0,50,0,20,0,3
78, in una piazza c'era una  statuo  di  geografia  e in mano  avevano  un mappamondo di pietra una notte un gruppo di  ragazi    volevano   rubare il  mappa mondo  rubarono il  mappa mondo    era caduto  dalla mano ma il  mappa mondo  era pesante e quindi i ragazzi andarono via e il  geografico  era triste in  primafera   arrifarono  delle rondini fecero il nido sulla mano  de   geografico   ma la  rondina   a   vato  le uova che i loro rondini avevano volato  poi  arriva   linverno  e quindi le rondini   doveva   partire ma prima di partire le rondini presero il  vango  e lo   metono   nella mano del  geografico  e quindi il  geografico  era felice,2,320,1,10,1,0
79," La statua del parco C'era una volta una statua col busto di un geografo. Esso era di pietra, sulla mano portava un  mappando  anche esso di pietra. Il geografo era molto felice del suo mappamondo, ma una sera dei ragazzi maleducati decisero di rubarlo:  scolpirono  e  scolpirono  e il mappamondo cascò, visto che il mappamondo era pesante non lo portarono via. La felicità della statua finì presto in tristezza. In primavera per fortuna delle rondini fecero il nido sulla mano del geografo ed esso rivenne felice le rondini fecero dei rondinelli ed in inverno esse partirono, però prima misero nel nido della terra e dei semi e quando tornò la primavera  naque  un cespuglio pieno di fiori.",0,24,0,0,0,0
80, In un parco c'era una statua di un geografo che in mano teneva un mappamondo di pietra una sera dei ragazzini pensarono di rubare il mappamondo spinsero e tirarono poi il  cascò però lo lasciarono  perterra  perché era troppo pesante. La faccia felice del geografo si trasformò in tristezza  la  primavera le rondini costruirono un nido tra le mani del geografo  di   auttunno  le rondini presero un  pò  di terra e la buttarono sulle mani del geografo e così  la  primavera  naquero  delle piantine,1,14,0,2,0,1
81, C'era una volta un  geometra  di pietra che sulla mano aveva un mappamondo. Un giorno dei ragazzi avevano rubato il mappamondo. Il  geometra  invece di avere una faccia sorridente  più tosto  aveva una faccia triste.,0,4,0,0,0,0
82, C'era una volta un parco e  c'èra  una grande statua solo che un giorno  arrivaronò  due bambini che  spingevano  la statua  che  e un giorno una rondinina   a  avuto  dei rondinini e andarono in giro però alla statua  li   è  casco   il mappamondo,0,21,0,3,1,0
83, C'era un geografo di pietra e aveva solo il busto e sulla mano teneva un mappamondo e una sera dei  raggazzi  si arrampicarono sul geografo e buttarono giù il mappamondo e era troppo pesante e allora lo  lascarono  lì e a primavera vennero delle rondini che ci fecero il nido e  fecro  due  uovo  e  nasceranno  due rondinini e venne  lautunno  e si trasferirono e prima di  ndare  via buttarono sulla mano del geografo un  pò  di terra e dei semi e a primavera  ci  sbocciarono dei fiori,1,76,1,0,0,1
84," C'era una statua con solo il busto con un mappamondo sulla mano. Un giorno un gruppo di ragazzi si arrampicarono sulla statua e  buttaro  giù il mappamondo, poi una  rondinine  ci fece un nido con rametti, terra e paglia. Dopo  ci   nascero  delle rondinine, arrivò l'autunno e le rondini prima di partire  mettero  dei semini sul nido, poi partirono per altri posti. Arrivata  a  primavera, e le rondini tornarono, sul nido  ci   cresce  un cespuglio di fiori.",0,12,0,0,0,0
85,"  Cera  un busto di statua con in mano un mappamondo di pietra. Una sera dei ragazzi  volevano  rubare il mappamondo lo tirarono e alla fine rotolò nel prato e siccome era troppo pesante lo lasciarono nel prato. Sulla mano, degli uccellini  fanno  un nido e in quel  dino   nascono  degli uccellini che  imparano  a volare.  A  autunno  volano  via ma sulla mano  mettono  della terra nera e  lasciano  cadere dei semi da lì  nascerà  un cespuglio di fiori stupendi.",0,28,1,0,0,0
86," C'era una volta in una città un statua di pietra che rappresentava un geografo e nella sua mano c'era un mappamondo di pietra. Una sera dei ragazzi   anno  pensato  di  rubbare  il mappamondo e  cadè  a terra  perche  era troppo pesante e lo  lascassero  a terra pian piano il sorriso del geografo   divento  un muso triste ,  a  primavera delle rondini fecero un nido sulla mano del geografo ma quando tornò  l  inverno le rondini  sene   dovevano  andare ma prima di andare   anno  preso  un  pò  di terra e di semi e  gli  misero sulla mano del geografo e  cuando  tornò la primavera ci  cresce  un mazzo di fiori",1,45,1,10,2,0
87," Un gruppetto di ragazzi  decide , di  levare  il mappamondo giù dalle mani del geografo, e quando lo  levarono   dal sorriso diventò un sorriso triste triste  triste ed un giorno arrivarono due  rondi  e tra le mani del geografo  ci   costruiscono  il nido e dopo un  po'   sene   vanno  e quando  arriva  la primavera  ci   crescono  dei bellissimi fiori colorati.",0,40,0,2,0,1
88,"  Cera  una volta una statua a mezzo busto di un geografo con un mappamondo di pietra su una mano. Un giorno dei ragazzi  decidono  di rubarlo ma era troppo  peso   sicche  lo lasciarono lì  sul  erbetta, la statua aveva il sorriso che ora è solo tristezza. Un giorno delle rondini fecero il nido sulla mano della statua, quando arrivò l'autunno le rondini se ne andarono lasciando dei semi e un  po  di terra quando rivenne primavera sulla mano  un    nascse   un cespuglio con tanti fiori.",0,48,2,4,0,1
89, C'era una volta in un parco di una  cità  la statua di un  geolografo  una  notè   pero  dei  raggazzi  si  arampicarono  e spinsero giù il  mappa mondo  che c'era sulla sua mano  finche  il  mappa mondo   cadè  a terra i  raggazzi  celo   l'asciarono  perché era troppo pesante il  geolografo   guarda  la mano vuota e piano piano il suo  soriso  comincio  a trasformarsi in un broncio delle rondini fecero il nido sulla sua mano e lì deposero le uova e si schiusero ogni sera prima di andare a letto facevano una passeggiata il  geolografo   gli  aspetava  con  anzia .,6,320,1,10,0,0
90," In un parco arrivò un signore di pietra, poi quel signore di pietra vide una statua. Che  che  anche  lei  era di pietra. Una notte però arrivarono dei signori che volevano tirare giù la pietra e la spinsero e la buttarono  perterra . Ma a un certo punto si accorsero che era troppo pesante. Dopo arrivò il signore di pietro e il suo sorriso diventò triste. però dopo un  pò  arrivarono le rondini che prima di andare via presero un  pò  di terra e la portarono sull'albero. E alla fine dal prato  spunta  un cespuglio di fiori.",0,8,0,0,0,2
91," In una città c'era un monumento di un geografo di pietra, che teneva in mano un mappamondo anche  lui  di pietra, però un giorno dei  raggazzi   decidono  di prenderlo, ma dopo averlo fatto cascare lo  lasciano  sull'erba perché  è  troppo pesante. Dopo qualche mese  vengono  delle rondini a farci il nido, ma quando  arriva  l'autunno le rondini  lasciano  nella sua mano un po' di terra con dei semini e  partono . Quando  torna  la primavera il geografo  trova  nella sua mano  de  bellissimi fiori.",1,20,0,1,0,0
92," In una città c'era un parco dove c'era una statua di un geografo. La statua era a mezzo busto e in una mano portava un mappamondo. la sera dei ragazzi avevano deciso di andare a rubare il mappamondo della statua del parco. arrivati al parco dove c'era la statua cercarono in tutti i modi di levare il mappamondo e  travano , strattonarono  e alla fine il mappamondo rotolò nell'erba. La statua  dal  felice diventò triste. Arrivò la primavera arrivarono due  rondine  che fecero il nido tra le mani della statua e la statua diventò felice. Quando arrivò l'autunno le rondini  dovevano  migrare in un altro paese  pero  prima di andare  metterono  del terriccio e dei semi tra le mani della statua e andarono via. Quando ritornò la primavera nelle mani della statua   nacono   dei bellissimi fiori colorati.",0,56,0,0,0,0
93, C'era in un prato un monumento di pietra che apparteneva a un geografo che aveva un mappamondo di pietra ma un giorno degli  incoscenti   l'avevano buttato  dalla finestra e lo lasciarono  li  e delle rondini ci  facevano  il nido e nacque un rondinino e dall'erba nacque un cespuglio,0,16,0,0,0,0
94, Un giorno dei ragazzi volevano rubare il mappamondo allora lo spinsero e il mappamondo cascò  perterra  e lo lasciarono  nellerba  perché era troppo pesante per portarlo via e piano piano la statua diventò  trise  ma un giorno  della  primavera  vengono  delle rondini che piano piano  mette    fa   il nido sulla mano del  geometra  ma un giorno le rondini dovettero andare via perché era inverno allora metterono un  pò  pò sulla mano del  geometra  e ne andarono via. Quando  è venuta  la primavera sopra la terra c'era un cespuglio fiorito.,0,30,1,2,0,1
95,"  Cera  una volta in una  cità ,   cera   una statua sulla sua mano  cera  un mappamondo che un giorno di notte  venero  dei signori salirono sulla statua  volevano  buttare giù il mappamondo e alla fine  riescono  a buttarlo giù   pasano   un  pò  di  setimane  e il  geometra   divento  triste quando   ariva   la primavera  dele  rondini  sula  mano  le rondini   prendono  della  paiucia   li    fa no   le uova.  quando    finiscie   la primavera le rondini prima di andare via  lasciano  della  tera  sopra alla  ma  e dei semini poi   vano   via quando  ritorna  la primavera  crescono  dei  fiorelini .",10,204,3,12,0,1
96, In un parco c'era una statua di un geografo una sera dei  ragazi  volevano rubare il  mapamondo  i  ragazi   spinzero  tirarono  finché  il  mapamondo   cade  sull'erba e i  ragazi  corsero via lasciando il  mapamondo  sull'erba e  cosi  il geografo rimase a mani vuote piano piano il suo  soriso  non c'era più in primavera  arivarono  le rondini e fecero un nido sulla mano del geografo e il geografo  ritorno  a  esere  felice e le rondini deposero le uova e presto  nascono  dei rondinini in autunno le rondini se ne andarono prima di andarsene presero altra  tera  e ci  butarono  dei semini in primavera nella mano del geografo  ci stava  un cespuglio di fiori,12,188,0,4,0,0
97," C'era una volta un geografo che aveva un busto di pietra e un mappamondo di pietra. Una notte dei  raggazzi  fecero cadere  i  mappamondo. La statua  e ra  infelice, ma il giorno dopo delle rondini presero erba, foglie, terra e paglia e fecero un nido e l'uomo era contento, quando  arrivo  l'autunno le rondini andarono via e lasciarono semi e terra, l'autunno  passo  e così l'inverno, quando  arriva  la primavera dalla terra spuntò un cespuglio di fiori.",1,40,0,0,0,0
98,"  C era  una volta una statua e arrivava al busto e aveva la testa   rivotata   alla mano, e aveva un  mappa mondo  nelle dita della mano, un giorno dei ragazzi decisero di rubare il mappamondo lo tirarono e lo spinsero verso giù poi  lo  dovettero  lacsiare  il  mapamondo   nel erba   i  ragazi  . e la faccia  rivoltata  alla mano dove era il  mapamondo   ivece  di  tenere la faccia sorridente   li  diventa triste . poi arrivarono delle rondini che fecero i figli poi dovettero andarsene  pero  prima di andarsene  prendevano  un po  di terra e la  mise  nella mano dove era il  mapamondo , e quando  era ritornata  la primavera gli  crescero  i fiorellini. ",5,96,2,0,0,1
99,"  Cera  una volta in un parchetto vicino a una città  con  una statua che rappresentava un geografo, che teneva fra le mani un mappamondo e quando lo guardava era felice ma una notte un gruppo di  ragazz lo rubò, salirono  su la  statua e spinsero più forte che potevano e alla fine ci riuscirono ma era pesante e allora lo lasciarono nel prato e allora il geografo non aveva più niente fra le mani e piano piano si intristì, ma quando  arrivo  la primavera arrivarono due rondini portando rametti, erba e aghi di pino, deposero le uova e  naquero  dei rondinini che svolazzavano di qua e di  la  e tornavano nel nido la sera tardi, quando arrivò l'autunno le rondini presero della terra e dei semi e se ne andarono, quando  torno  la primavera  è cresciuto  un bel cespuglio di fiori.",0,63,1,0,0,0
100,"  Cera  una volta una statua a  mezze  busto una sera un gruppo di ragazzini decisero di prendere il mappamondo e allora si arrampicarono sulla statua spinsero e...alla fine il mappamondo cadde a terra. I ragazzini lo lasciarono per terra la statua rimase a mani vuote il suo sorriso scomparve. delle rondini ci fecero un nido e poi delle uova si schiusero e  sono nati  dei rondinini. Arrivò l'autunno e le rondini dovettero partire, ma prima di andarsene  avevano messo  un  po  di terra, poi arrivò l'inverno, poi  passo  anche l'inverno arrivò la primavera e dalla terra   sono nati   un cespuglio di fiori.",0,20,1,0,0,1
101," La statua nel parco C'era una  volota  in un parco una statua a forma di busto con un mappamondo sul palmo della mano una notte un gruppo di  racazzi  tentò di prenderlo ma era troppo  pessante  e così lo  lascò  sul prato il geografo fu triste e presto il suo sorriso si trasformò in tristezza. Arrivata la  primaverà  delle rondini  fanno  il  mido  sulla mano del geografo il tempo  passa , sulla mano  cresce  un bel cespuglio di fiori e  fissero  felici. ",1,114,0,0,0,0
102," La statua nel parco C'era una volta in un parco un busto. Un geografo con in mano un mappamondo. La statua sorrideva davanti al mappamondo, però una sera un gruppo di ragazzi vollero prendere il mappamondo. Strattonarono,  trarono , spinsero. Infine il mappamondo cadde sull'erba. Allora  lo  lasciarono il mappamondo per terra perché era troppo pesante. La faccia del geografo si intristì. A primavera delle rondini fecero il nido sulla mano della statua. Il volto del geografo ritornò sorridente, intanto  poco a poco  nacquero dei rondinini  per andare via la mattina e ritornare la sera . Però in autunno le rondini dovettero partire, il volto del geografo ritornò triste. Però le rondini prima di partire buttarono sulla mano del geografo semi e terra. Le rondini partirono e in primavera sulla mano del geografo  crescero  tanti fiori molto belli.  ",0,14,0,0,0,0
103," La statua nel parco C'era una volta una statua nel parco, una sera i  bambi  pensarono di rubare il mappamondo ma era troppo pesante quindi cadde in terra e lo lasciarono  li . La mattina dopo lui era molto triste ma poi arrivarono delle rondini e fecero un nido e  naquero  due rondinine  la  andavano via e  ritornarono  la sera ma quando  arvo  l'inverno le rondini dovettero andare via   pero   lasciarono il nido  pero  ci  metero  terra e semi e in autunno aveva  la  tanta terra ma in primavera  erano cresciuti  tanti fiori.",0,77,0,7,0,0
104, La statua nel parco Io mi ricordo che in un parco c'era una statua di un geografo con un mappamondo in mano e la statua guardando il mappamondo sorrideva ma una notte dei bambini buttarono giù il mappamondo dalla mano del geografo e la faccia del geografo diventò più triste ma a primavera degli uccellini fecero il nido sulla sua mano e nacquero degli uccellini e la notte stavano nel nido  e  il giorno no ma un giorno d'inverno  la sciarono  un po' di terra e un seme e poi  cresse  un cespuglio sulla mano del geografo.,0,5,0,0,0,0
105," C'era una volta un busto di pietra. Aveva un  mappa mondo  di  pietrta , ma una notte un gruppo di ragazzi decisero di rubare la statua.  Spinzero  e  distrussero  e lo portarono via. Il mappamondo rotolò nell'erba, quindi il  gusto  di pietra restò a mani vuote. Ma a primavera delle rondini si appoggiarono sulla mano della statua e fecero il nido, dopo tanto nacquero piccoli rondinini che molto presto volarono. Le rondini presero della terra, poi dei semi. Li misero sulla mano della statua e se ne andarono. Dopo tanto  naque  un cespuglio di fiori bellissimi. Il volto della statua sorrise e visse felice e contento.",0,65,0,15,0,0
106,  Cera  un geografo di pietra e su una mano ha un mappamondo un giorno dei ragazzi hanno fatto cadere il mappamondo e il geografo  dinto  triste a primavera sono arrivate delle rondini e hanno creato un nido  a  autunno le rondini hanno messo la terra  cianno  messo dei semi poi è  cressciutu  un cespuglio bellissimo,0,30,1,0,0,0
107," La statua nel parco C'era una volta una statua di un geografo, nel parco, questa statua era formata soltanto  da il  busto, ed era di pietra, ma sulla sua mano c'era un mappamondo  che  anche quello era di pietra però dopo qualche tempo, di sera  vene  un gruppo di  ragazi , che spinsero il mappamondo e  cade  giù, però siccome era troppo pesante, lo  avevano lasciato   li  sull'erba, quindi la statua era triste, a primavera  venero  due rondini, sulla mano della statua  metero  delle  paiuze  e fecero due uova dopo un po' nacquero due rondinine che la statua  aspetava  felice le rondinine che avevano imparato a volare, uscirono fuori  da la  mattina alla sera, poi  vene  autunno e  dovetero  andare  pero  prima di andare lasciarono sulla sua mano della terra scura e dei semi quando  vette   prima vera  spuntarono  de  fiorellini bellissimi e vissero felici e contenti!!!",8,252,0,0,0,0
108," C'era una volta una statua che aveva un mappamondo nella mano e la statua guardava il mappamondo con un bel sorriso  la  notte un gruppo di ragazzi  buttarono  il mappamondo e cadde nell'erba i ragazzi se ne andarono e la statua  col  il suo sorriso  divento  triste in primavera delle rondini  che  fecero il nido nella mano della statua, le rondini fecero le rondini, le rondini imparano a volare. Le rondini lasciarono la loro casa prima di andare via le rondini  lasciano  dei semini e un  pò  di terra e in primavera nella  mano della statua c'èrano tanti bellissimi fiori.",0,9,0,0,0,1
109, C'era una volta un  geografa  di pietra che sulla sua mano teneva un mappamondo  ma  anche quello di pietra. Un giorno dei ragazzi  volevano  rubare il mappamondo. I  raggazzi  riuscirono solo a buttarlo in terra e poi lo lasciarono  li  perché era troppo pesante. Allora la bocca del  geografa   diventava  triste (la bocca del  geografa  prima era felice). Poi sulla mano del  geografa  andarono a fare il nido delle rondini che poi fecero i rondinini. Poi i rondinini diventarono grandi allora tornavano la sera. Poi le rondini andarono  vi  in autunno ma lasciarono della terra e dei semi. Poi dopo un  po  di giorni spuntarono dei fiorellini e il  gieografa  di pietra visse felice e contento.,1,112,0,0,0,1
110," La statua nel parco Io mi ricordo della storia che: in un parco viveva una statua felice con un mappamondo una notte  dei  tre ragazzi decisero di rubare la statua e allora spinsero spinsero ma niente l'avevano soltanto piegato, e gli avevano levato di mano il mappamondo il sorriso della statua si era trasformato in tristezza pian piano  arrivo  la primavera due rondini si posarono sulla mano del  giografo  e presto nacquero tre rondinini e impararono a volare, la statua ritornò felice, il  giografo  era  ritorornato  felice  perche  sapeva che le rondini tornavano al tramonto. Quando  ritorno   l'inverno le rondini andarono via, ma prima di andarsene, presero dei semi e un po' di terra, il  giografo  si ritrovò nella mano la terra, la primavera tornò e il  cosa  aveva nella mano? un cespuglio bellissimo con fiori bellissimi ora il  giografo  non fu più triste. ",0,112,0,0,0,0
111, La statua  dell' parco Nella mano della statua c'era un mappamondo e una notte  viene  un gruppo di ragazzi che volevano portare via il mappamondo ma era molto pesante allora lo  lasciano  e la statua era molto triste allora  viene  la primavera e  vengano  gli uccelli a fare il nido e    viene   un  po  di terra nella mano e    grescie   un cespuglio di fiori bellissimi e    viene   felice e gli uccellini   fanno  un nido nella sua mano.,0,20,0,1,0,1
112," C'era una volta una statua che era solo con il busto di un  gegrafo  che teneva in mano un mappamondo. Un giorno un gruppo di ragazzi che volevano rubare il mappamondo spinsero con tutte le loro forze finché il mappamondo non cadde a terra i ragazzi lo lasciarono lì  percè  era troppo pesante. Piano piano il  gegrafo  diventò triste ma a primavera due uccellini fecero il nido sulla mano del geografo, poi  deponsero  delle uova gli uccellini  nascereno  e iniziarono a volare dalla mattina alla sera. Ma di inverno gli uccellini  sene  andarono ma prima di andarsene lasciarono della terra e dei semini e  sene  andarono. A primavera  spuntarono  dalla terra un cespuglio di fiori bellissimi.",0,132,0,0,0,0
113," La statua nel parco C'era una volta un  fusto  che sulla sua mano teneva un mappamondo, la statua guardava il mappamondo la statua era molto felice,  la notte un gruppo di ragazzi decise di portare a casa il mappamondo, spinsero e spinsero, a un certo momento il mappamondo cadde. Il gruppo fuggì perché non poteva sollevarlo era troppo  peso . Il giorno dopo le rondini  metteranno  un nido di paglia. Dopo qualche mese arrivò l'autunno, le rondini prima di partire buttarono semi e  venne  un cespuglio di fiori bellissimo.",0,8,0,4,0,0
114," In un bel parco viveva una  satua  di un grande  geografico , con un gran  soriso , solo un busto con testa e  bracia , senza gambe, con in mano un mappamondo  sulla mano . Una sera dei ragazzi si arrampicarono sopra la statua e fecero cadere il mappamondo per rubarlo ma non riuscirono a portarlo via perché era troppo pesante, quindi  sene  andarono via. Il sorriso del  geografico  pian piano  diventava  triste, però delle rondini fecero il nido sopra la mano del  geografico  e diventò  molto felice di questo. Fecero dei piccoli, i piccoli  andarono  di notte a volare mentre la statua gli aspettava. In autunno le rondini  sono dovute  andare via ma lasciarono una zolletta di terra così quando tornò la primavera il  geografico  aveva dei fiori sulla mano.",2,56,0,0,0,0
115," In un parco di una città c'era una statua di uno studioso di  geometria . La statua era di pietra e sulla sua mano teneva un mappamondo di pietra, la statua era felice e quindi aveva sempre il sorriso. Un giorno un gruppo di ragazzi buttarono il mappamondo giù ma non lo potevano portare perché era troppo pesante, quindi lo lasciarono lì. Però dopo un  p'ò  la statua dello studioso di  geometria,  il suo sorriso  diventò triste. A primavera arrivarono due rondini che fecero il nido sulla mano dello studioso di  geometria e fecero due rondinini che impararono a volare in poco tempo, volavano di giorno e ritornavano di notte. Prima di  per l'inverno, alla statua  gli  lascarono dei semi sulla mano e la primavera dopo  naque  una pianta.",0,26,0,0,0,1
116," La statua nel parco In un parco c'era un busto di pietra sorridente che nella mano teneva un mappamondo di pietra un giorno un gruppo di ragazzi volle rubare il mappamondo ma era troppo pesante e allora lo  lasciarono  per terra e il sorriso del busto piano piano diventò tristezza  di  primavera due rondini posarono nella mano del busto terra, rami e ci fecero il nido,  naquero  due rondinini che crescevano e volavano il giorno e ritornavano la sera e  la sera  li aspettava felice  era arrivato  l'autunno e le rondini prima di andare via lasciarono terra e semi sulla mano della statua e in primavera dalla mano della statua  nasque  un cespuglio di fiori bellissimo!",0,12,0,0,0,0
117," La statua nel parco In un parco  cera  una statua col busto di pietra sopra alla mano c'è anche un mappamondo anche quello di pietra, un giorno un gruppo di ragazzi  hanno pensato  di rubare il mappamondo e con tutta la forza che avevano fecero cadere il mappamondo, però lo lasciarono sul prato allora la faccia del geografo diventò sempre più triste. Ma a primavera due rondini fecero il nido sulla mano del geografo e presto  naquero  due  bei  rondini allora la faccia del geografo diventò felice e ogni giorno volavano dalla mattina alla sera. Quando arrivò l'autunno andarono via però  l'asciarono  dei semini sulla mano del geografo e a primavera  nacquero  un cespuglio di fiorellini.",0,26,1,0,0,0
118," La statua nel parco C'era una volta una statua di un geografo che in mano teneva un mappamondo ma un gruppetto di bimbi salirono sulla statua e fecero rotolare giù il mappamondo, ma era troppo pesante e lo lasciarono  li  piano piano il sorriso del geografo sparì  arrivò  la primavera e due rondinini fecero il nido sulla mano del geografo. Le due rondini fecero le uova e  nascono  due rondinine  passa  un po' di tempo e le rondinine iniziarono a volare.  arrivo  l'autunno, e le rondini dovevano andare via ma prima di andarsene presero un  pò  di terra e i semi passarono i mesi e ritornò la primavera e sulla mano era nato un cespuglio di fiori bellissimi.",0,13,0,0,0,1
119," C'era una volta in un parco una statua di pietra a mezzo busto di uno studioso di geografia, aveva in mano un  mappa mondo , una sera dei ragazzi buttarono  giu  il  mappa mondo  non se lo portarono a casa  perche  era troppo pesante. A primavera le rondini fecero il nido sulla mano del geografo durante l'inverno  geografo guardava la sua  man  piena di terra scura, la primavera  do  le rondini ritornarono e lasciarono cadere dei semini e sopra la mano del geografo  ci  nacque un cespuglio.",0,60,0,0,0,0
120," La storia nel parco C'era una volta un geografo di pietra con in mano un mappamondo di pietra quella statua stava in un parco ma una sera dei ragazzi pensarono di poter rubare il mappamondo allora si arrampicarono sulla statua, spinsero il mappamondo, poi lo tirarono dopo un  po  i ragazzi se ne  vanno  perché il mappamondo era troppo pesante quindi lo lasciarono sul prato e il geografo diventò triste. La mattina dopo delle rondini  fanno  il nido sulla mano, dove  nasceranno  due piccole rondinine che  voleranno  e il  diventò di nuovo contento quando venne l'inverno le rondini si misero in viaggio ma prima di andare presero dei semi e  gli  misero sul prato poi presero un  po  di terra e anche quella  lamisero  sulla mano del geografo. Quando tornò la primavera i semi diventarono dei bei cespugli di fiori.",0,15,0,0,0,2
121, Al centro di un parco c'era una statua di pietra col busto e un mappamondo sulla mano anche quello era di pietra una sera un gruppo di ragazzi decise di rubare il mappamondo allora i ragazzi spinsero  ma  il mappamondo  cade . I ragazzi  scappero  e il sorriso del  geograffa  si  era trasformato  in tristezza. Quando  era   primave  le rondini fecero il nido e le uova e  nascero  i rondinini. arrivò l'autunno e l'inverno e prima di partire le rondini  metero  la terra e  semmi  sulla mano e a primavera   spocia   un cespuglio,3,34,0,0,0,0
122," La statua nel prato C'era una volta una statua di pietra che aveva un mappamondo sulla mano. Un giorno arrivarono dei ragazzi che volevano portarlo via, allora salirono sulla statua  pero   pesante e  cade  sul prato e scapparono. Delle rondini ci  fanno  un nido e dei piccoli  volano  tutta l'estate poi  viene   l'autuno  e andarono via però  mettono  un seme e della  tera  e quando arrivò la primavera era nato un cespuglio di fiori. ",2,6,0,0,0,0
123, Un giorno dei ragazzi  butarono  giu  un mappamondo dalla mano di una statua e pian piano  lui   diventava  triste quando   e  arrivata  la primavera  dell  rondini e  farono  un nido e la rondine  aveva fatto  dei piccoli e incominciarono  ha  volare. quando era arrivato l'autunno le rondini andarono via e lasciarono della terra con dei semini e lui diventò felice.,1,21,0,0,1,0
